<?xml version="1.0" encoding="UTF-8"?>
<!DOCTYPE mapper
        PUBLIC "-//mybatis.org//DTD Mapper 3.0//EN"
        "http://mybatis.org/dtd/mybatis-3-mapper.dtd">
<mapper namespace="com.rabbiter.cm.mapper.SysCinemaMapper">

    <!-- 查询影院信息，包含影院上映的所有电影信息 -->
    <resultMap id="SysCinemaMap" type="SysCinema">
        <id property="cinemaId" column="cinema_id"></id>
        <result property="cinemaName" column="cinema_name"></result>
        <result property="hallCategoryList" column="hall_category_list"></result>
        <result property="cinemaPicture" column="cinema_picture"></result>
        <result property="cinemaAddress" column="cinema_address"></result>
        <result property="cinemaPhone" column="cinema_phone"></result>
        <result property="workStartTime" column="work_start_time"></result>
        <result property="workEndTime" column="work_end_time"></result>
        <collection property="sysMovieList" ofType="SysMovie" column="cinema_id" select="com.rabbiter.cm.mapper.SysMovieMapper.findMovieByCinemaId"></collection>
    </resultMap>

    <select id="findCinema" parameterType="Long" resultType="SysCinema">
        select * from sys_cinema
    </select>

    <update id="updateCinema" parameterType="SysCinema">
        update sys_cinema set
        cinema_name = #{cinemaName}, cinema_picture = #{cinemaPicture},
        cinema_address = #{cinemaAddress}, cinema_phone = #{cinemaPhone},
        work_start_time = #{workStartTime}, work_end_time = #{workEndTime},
        hall_category_list = #{hallCategoryList}
        where cinema_id = #{cinemaId}
    </update>

    <select id="findCinemaById" parameterType="Long" resultMap="SysCinemaMap">
        select * from sys_cinema where cinema_id = #{id}
    </select>

</mapper>